ChunkID, Package Name, Class Type, Hard or Soft Chunk, File Size, Other Chunks
0,/Engine/ArtTools/RenderToTexture/Materials/Debug/M_Emissive_Color,Material,Hard,6599,None
0,/Engine/ArtTools/RenderToTexture/Meshes/S_1_Unit_Plane,StaticMesh,Hard,6477,None
0,/Engine/ArtTools/RenderToTexture/Textures/127grey,Texture2D,Hard,3983,None
0,/Engine/BasicShapes/Cone,StaticMesh,Hard,45446,None
0,/Engine/BasicShapes/Cube,StaticMesh,Hard,9834,None
0,/Engine/BasicShapes/Cube1,StaticMesh,Hard,9836,None
0,/Engine/BasicShapes/Cylinder,StaticMesh,Hard,68570,None
0,/Engine/BasicShapes/Plane,StaticMesh,Hard,5073,None
0,/Engine/BasicShapes/Sphere,StaticMesh,Hard,97542,None
0,/Engine/EditorBlueprintResources/StandardMacros,Blueprint,Hard,1021,None
0,/Engine/EditorBlueprintResources/StandardMacros,BlueprintGeneratedClass,Hard,1021,None
0,/Engine/EditorLandscapeResources/DataLayer,LandscapeLayerInfoObject,Hard,746,None
0,/Engine/EditorLandscapeResources/DefaultAlphaTexture,Texture2D,Hard,22947,None
0,/Engine/EditorMaterials/Camera/CineMat,Material,Hard,59963,None
0,/Engine/EditorMaterials/Camera/MI_CineMat_Rig,MaterialInstanceConstant,Hard,1841,None
0,/Engine/EditorMaterials/MAT_Groups_Toggle,Texture2D,Hard,1477,None
0,/Engine/EditorMaterials/MAT_Groups_Visibility,Texture2D,Hard,1485,None
0,/Engine/EditorMaterials/MatineeGroups/MAT_ColorTrack,Texture2D,Hard,1509,None
0,/Engine/EditorMaterials/MatineeGroups/MAT_Groups_Anim,Texture2D,Hard,1487,None
0,/Engine/EditorMaterials/MatineeGroups/MAT_Groups_AudioMaster,Texture2D,Hard,1501,None
0,/Engine/EditorMaterials/MatineeGroups/MAT_Groups_Director,Texture2D,Hard,1495,None
0,/Engine/EditorMaterials/MatineeGroups/MAT_Groups_Event,Texture2D,Hard,1489,None
0,/Engine/EditorMaterials/MatineeGroups/MAT_Groups_Fade,Texture2D,Hard,1303,None
0,/Engine/EditorMaterials/MatineeGroups/MAT_Groups_Float,Texture2D,Hard,1489,None
0,/Engine/EditorMaterials/MatineeGroups/MAT_Groups_Move,Texture2D,Hard,1487,None
0,/Engine/EditorMaterials/MatineeGroups/MAT_Groups_Slomo,Texture2D,Hard,1489,None
0,/Engine/EditorMaterials/MatineeGroups/MAT_Groups_Sound,Texture2D,Hard,1489,None
0,/Engine/EditorMaterials/MatineeGroups/MAT_Groups_Vector,Texture2D,Hard,1491,None
0,/Engine/EditorMaterials/ParticleSystems/PSysThumbnail_NoImage,Texture2D,Hard,44882,None
0,/Engine/EditorMaterials/ParticleSystems/PSysThumbnail_OOD,Texture2D,Hard,23006,None
0,/Engine/EditorMaterials/PreviewShadowIndicator,Texture2D,Hard,1399553,None
0,/Engine/EditorMaterials/PreviewShadowIndicatorMaterial,Material,Hard,51848,None
0,/Engine/EditorMeshes/Camera/SM_CraneRig_Arm,StaticMesh,Hard,5329,None
0,/Engine/EditorMeshes/Camera/SM_CraneRig_Base,StaticMesh,Hard,104935,None
0,/Engine/EditorMeshes/Camera/SM_CraneRig_Body,StaticMesh,Hard,96527,None
0,/Engine/EditorMeshes/Camera/SM_CraneRig_Mount,StaticMesh,Hard,22741,None
0,/Engine/EditorMeshes/Camera/SM_RailRig_Mount,StaticMesh,Hard,163963,None
0,/Engine/EditorMeshes/Camera/SM_RailRig_Track,StaticMesh,Hard,134179,None
0,/Engine/EditorResources/BSPVertex,Texture2D,Hard,1461,None
0,/Engine/EditorResources/EmptyActor,Texture2D,Hard,263353,None
0,/Engine/EditorResources/LightIcons/S_LightError,Texture2D,Hard,263435,None
0,/Engine/EditorResources/S_Actor,Texture2D,Hard,88633,None
0,/Engine/EditorResources/S_Note,Texture2D,Hard,350910,None
0,/Engine/EditorResources/S_Solver,Texture2D,Hard,350914,None
0,/Engine/EditorResources/S_Terrain,Texture2D,Hard,350916,None
0,/Engine/EditorResources/S_Trigger,Texture2D,Hard,350916,None
0,/Engine/EditorResources/SequenceRecorder/Countdown,Texture2D,Hard,148613,None
0,/Engine/EditorResources/SequenceRecorder/RecordingIndicator,Texture2D,Hard,2199,None
0,/Engine/EngineDamageTypes/DmgTypeBP_Environmental,Blueprint,Hard,1178,None
0,/Engine/EngineDamageTypes/DmgTypeBP_Environmental,BlueprintGeneratedClass,Hard,1178,None
0,/Engine/EngineDebugMaterials/DebugEditorMaterial,Material,Hard,14120,None
0,/Engine/EngineDebugMaterials/DebugMeshMaterial,Material,Hard,22822,None
0,/Engine/EngineDebugMaterials/M_SimpleUnlitTranslucent,Material,Hard,20789,None
0,/Engine/EngineDebugMaterials/M_VolumeRenderSphereTracePP,Material,Hard,14565,None
0,/Engine/EngineDebugMaterials/VertexColorMaterial,Material,Hard,179302,None
0,/Engine/EngineDebugMaterials/VolumeToRender,VolumeTexture,Hard,9133,None
0,/Engine/EngineDebugMaterials/WireframeMaterial,Material,Hard,897855,None
0,/Engine/EngineFonts/Faces/DroidSansFallback,FontFace,Hard,3940622,None
0,/Engine/EngineFonts/Faces/RobotoBold,FontFace,Hard,164197,None
0,/Engine/EngineFonts/Faces/RobotoBoldItalic,FontFace,Hard,166631,None
0,/Engine/EngineFonts/Faces/RobotoItalic,FontFace,Hard,161491,None
0,/Engine/EngineFonts/Faces/RobotoLight,FontFace,Hard,171303,None
0,/Engine/EngineFonts/Faces/RobotoRegular,FontFace,Hard,159362,None
0,/Engine/EngineFonts/Roboto,Font,Hard,3002,None
0,/Engine/EngineFonts/RobotoDistanceField,Font,Hard,138929,None
0,/Engine/EngineMaterials/BaseFlattenDiffuseMap,Texture2D,Hard,1849,None
0,/Engine/EngineMaterials/BaseFlattenEmissiveMap,Texture2D,Hard,1911,None
0,/Engine/EngineMaterials/BaseFlattenGrayscaleMap,Texture2D,Hard,6771,None
0,/Engine/EngineMaterials/BaseFlattenMaterial,Material,Hard,97849,None
0,/Engine/EngineMaterials/BaseFlattenNormalMap,Texture2D,Hard,1304,None
0,/Engine/EngineMaterials/BlendFunc_DefBase,Texture2D,Hard,1477,None
0,/Engine/EngineMaterials/BlendFunc_DefBlend,Texture2D,Hard,1479,None
0,/Engine/EngineMaterials/BlueNoise,Texture2D,Hard,3671221,None
0,/Engine/EngineMaterials/DefaultBloomKernel,Texture2D,Hard,33555655,None
0,/Engine/EngineMaterials/DefaultBokeh,Texture2D,Hard,23217,None
0,/Engine/EngineMaterials/DefaultCalibrationColor,Texture2D,Hard,1037844,None
0,/Engine/EngineMaterials/DefaultCalibrationGrayscale,Texture2D,Hard,8295606,None
0,/Engine/EngineMaterials/DefaultDeferredDecalMaterial,Material,Hard,198134,None
0,/Engine/EngineMaterials/DefaultDiffuse,Texture2D,Hard,700383,None
0,/Engine/EngineMaterials/DefaultLightFunctionMaterial,Material,Hard,45732,None
0,/Engine/EngineMaterials/DefaultMaterial,Material,Hard,291272,None
0,/Engine/EngineMaterials/DefaultNormal,Texture2D,Hard,1399764,None
0,/Engine/EngineMaterials/DefaultPhysicalMaterial,PhysicalMaterial,Hard,659,None
0,/Engine/EngineMaterials/DefaultPostProcessMaterial,Material,Hard,11900,None
0,/Engine/EngineMaterials/DefaultTextMaterialOpaque,Material,Hard,63848,None
0,/Engine/EngineMaterials/DefaultWhiteGrid,Texture2D,Hard,12151,None
0,/Engine/EngineMaterials/DefaultWhiteGrid_Low,Texture2D,Hard,979,None
0,/Engine/EngineMaterials/EmissiveMeshMaterial,Material,Hard,23782,None
0,/Engine/EngineMaterials/GizmoMaterial,Material,Hard,13518,None
0,/Engine/EngineMaterials/Good64x64TilingNoiseHighFreq,Texture2D,Hard,5388,None
0,/Engine/EngineMaterials/InvalidLightmapSettings,Texture2D,Hard,176077,None
0,/Engine/EngineMaterials/M_InvalidLightmapSettings,Material,Hard,60794,None
0,/Engine/EngineMaterials/MiniFont,Texture2D,Hard,3172,None
0,/Engine/EngineMaterials/PhAT_JointLimitMaterial,Material,Hard,30550,None
0,/Engine/EngineMaterials/PPM_DefaultCalibrationColor,Material,Hard,7849,None
0,/Engine/EngineMaterials/PPM_DefaultCalibrationGrayscale,Material,Hard,7644,None
0,/Engine/EngineMaterials/PreintegratedSkinBRDF,Texture2D,Hard,263125,None
0,/Engine/EngineMaterials/RemoveSurfaceMaterial,Material,Hard,5235,None
0,/Engine/EngineMaterials/T_Default_Material_Grid_M,Texture2D,Hard,350917,None
0,/Engine/EngineMaterials/T_Default_Material_Grid_N,Texture2D,Hard,88996,None
0,/Engine/EngineMaterials/WeightMapPlaceholderTexture,Texture2D,Hard,1049,None
0,/Engine/EngineMaterials/Widget3DPassThrough,Material,Hard,23095,None
0,/Engine/EngineMaterials/Widget3DPassThrough_Masked,MaterialInstanceConstant,Hard,34084,None
0,/Engine/EngineMaterials/Widget3DPassThrough_Masked_OneSided,MaterialInstanceConstant,Hard,33929,None
0,/Engine/EngineMaterials/Widget3DPassThrough_Opaque,MaterialInstanceConstant,Hard,13808,None
0,/Engine/EngineMaterials/Widget3DPassThrough_Opaque_OneSided,MaterialInstanceConstant,Hard,6787,None
0,/Engine/EngineMaterials/Widget3DPassThrough_Translucent,MaterialInstanceConstant,Hard,23916,None
0,/Engine/EngineMaterials/Widget3DPassThrough_Translucent_OneSided,MaterialInstanceConstant,Hard,21638,None
0,/Engine/EngineMaterials/WorldGridMaterial,Material,Hard,1340336,None
0,/Engine/EngineMeshes/Cube,StaticMesh,Hard,7934,None
0,/Engine/EngineMeshes/Cylinder,StaticMesh,Hard,23018,None
0,/Engine/EngineMeshes/Sphere,StaticMesh,Hard,51465,None
0,/Engine/EngineResources/Black,Texture2D,Hard,1718,None
0,/Engine/EngineResources/DefaultTexture,Texture2D,Hard,12048,None
0,/Engine/EngineResources/DefaultTextureCube,TextureCube,Hard,66622,None
0,/Engine/EngineResources/DefaultVolumeTexture,VolumeTexture,Hard,1333,None
0,/Engine/EngineResources/DefaultVolumeTexture2D,Texture2D,Hard,1413,None
0,/Engine/EngineResources/GradientTexture0,Texture2D,Hard,6861,None
0,/Engine/EngineResources/WhiteSquareTexture,Texture2D,Hard,1744,None
0,/Engine/EngineSky/BP_Sky_Sphere,Blueprint,Hard,18699,None
0,/Engine/EngineSky/BP_Sky_Sphere,BlueprintGeneratedClass,Hard,18699,None
0,/Engine/EngineSky/C_Sky_Cloud_Color,CurveLinearColor,Hard,1725,None
0,/Engine/EngineSky/C_Sky_Horizon_Color,CurveLinearColor,Hard,1729,None
0,/Engine/EngineSky/C_Sky_Zenith_Color,CurveLinearColor,Hard,1808,None
0,/Engine/EngineSky/M_Sky_Panning_Clouds2,Material,Hard,12267,None
0,/Engine/EngineSky/SM_SkySphere,StaticMesh,Hard,255835,None
0,/Engine/EngineSky/T_Sky_Blue,Texture2D,Hard,2797783,None
0,/Engine/EngineSky/T_Sky_Clouds_M,Texture2D,Hard,700655,None
0,/Engine/EngineSky/T_Sky_Stars,Texture2D,Hard,176175,None
0,/Engine/EngineSky/VolumetricClouds/CloudGradientTexture,Texture2D,Hard,1860,None
0,/Engine/EngineSky/VolumetricClouds/CloudWeatherTexture,Texture2D,Hard,132219,None
0,/Engine/EngineSky/VolumetricClouds/m_SimpleVolumetricCloud,Material,Hard,190795,None
0,/Engine/EngineSky/VolumetricClouds/m_SimpleVolumetricCloud_Inst,MaterialInstanceConstant,Hard,3035,None
0,/Engine/EngineSky/VolumetricClouds/T_NoiseErosion,Texture2D,Hard,23354,None
0,/Engine/EngineSky/VolumetricClouds/T_NoiseShape64,Texture2D,Hard,176514,None
0,/Engine/EngineSky/VolumetricClouds/T_VolumeNoiseErosion32,VolumeTexture,Hard,17791,None
0,/Engine/EngineSky/VolumetricClouds/T_VolumeNoiseShape64,VolumeTexture,Hard,132475,None
0,/Engine/EngineSounds/Master,SoundClass,Hard,870,None
0,/Engine/EngineSounds/Submixes/MasterEQEffectPreset,SubmixEffectSubmixEQPreset,Hard,678,None
0,/Engine/EngineSounds/Submixes/MasterEQSubmixDefault,SoundSubmix,Hard,1164,None
0,/Engine/EngineSounds/Submixes/MasterReverbEffectPreset,SubmixEffectReverbFastPreset,Hard,682,None
0,/Engine/EngineSounds/Submixes/MasterReverbSubmixDefault,SoundSubmix,Hard,1255,None
0,/Engine/EngineSounds/Submixes/MasterSubmixDefault,SoundSubmix,Hard,1062,None
0,/Engine/Functions/Engine_MaterialFunctions01/Opacity/CameraDepthFade,MaterialFunction,Hard,1045,None
0,/Engine/Functions/Engine_MaterialFunctions01/Shading/ConvertFromDiffSpec,MaterialFunction,Hard,792,None
0,/Engine/Functions/Engine_MaterialFunctions01/Shading/PowerToRoughness,MaterialFunction,Hard,786,None
0,/Engine/Functions/Engine_MaterialFunctions02/ObjectLocalBounds,MaterialFunction,Hard,852,None
0,/Engine/Functions/Engine_MaterialFunctions02/SafeNormalize,MaterialFunction,Hard,1123,None
0,/Engine/Functions/Engine_MaterialFunctions02/Utility/BreakOutFloat2Components,MaterialFunction,Hard,1050,None
0,/Engine/Functions/Engine_MaterialFunctions02/Utility/BreakOutFloat3Components,MaterialFunction,Hard,1050,None
0,/Engine/Functions/Engine_MaterialFunctions02/Utility/BreakOutFloat4Components,MaterialFunction,Hard,1050,None
0,/Engine/Functions/Engine_MaterialFunctions02/Utility/CameraDirectionVector,MaterialFunction,Hard,982,None
0,/Engine/Functions/Engine_MaterialFunctions02/Utility/MakeFloat2,MaterialFunction,Hard,972,None
0,/Engine/Functions/Engine_MaterialFunctions02/Utility/MakeFloat3,MaterialFunction,Hard,972,None
0,/Engine/Functions/Engine_MaterialFunctions02/Utility/VectorLength,MaterialFunction,Hard,945,None
0,/Engine/Functions/Engine_MaterialFunctions02/Utility/VectorToRadialValue,MaterialFunction,Hard,1117,None
0,/Engine/Functions/Engine_MaterialFunctions02/UVs/BoundingBoxBased_0-1_UVW,MaterialFunction,Hard,988,None
0,/Engine/Functions/Engine_MaterialFunctions02/WorldPositionOffset/CameraOffset,MaterialFunction,Hard,1039,None
0,/Engine/Functions/Engine_MaterialFunctions02/WorldPositionOffset/ObjectScale,MaterialFunction,Hard,958,None
0,/Engine/Functions/Engine_MaterialFunctions03/Blends/Blend_ColorBurn,MaterialFunction,Hard,1039,None
0,/Engine/Maps/Entry,World,Hard,12240,None
0,/Engine/Maps/Entry_BuiltData,MapBuildDataRegistry,Hard,26919,None
0,/Engine/Maps/Templates/Thumbnails/Default,Texture2D,Hard,161280,None
0,/Engine/Maps/Templates/Thumbnails/TimeOfDay,Texture2D,Hard,161284,None
0,/Engine/Maps/Templates/Thumbnails/VR-Basic,Texture2D,Hard,161282,None
0,/Engine/MapTemplates/SM_Template_Map_Floor,StaticMesh,Hard,15508,None
0,/Engine/MobileResources/HUD/AnalogHat,Texture2D,Hard,2101,None
0,/Engine/MobileResources/HUD/DefaultVirtualJoysticks,TouchInterface,Hard,2634,None
0,/Engine/MobileResources/HUD/LeftVirtualJoystickOnly,TouchInterface,Hard,2057,None
0,/Engine/MobileResources/HUD/MobileHUDButton1_off,Texture2D,Hard,3147,None
0,/Engine/MobileResources/HUD/MobileHUDButton1_on,Texture2D,Hard,3145,None
0,/Engine/MobileResources/HUD/MobileHUDButton2_off,Texture2D,Hard,5195,None
0,/Engine/MobileResources/HUD/MobileHUDButton2_on,Texture2D,Hard,5193,None
0,/Engine/MobileResources/HUD/MobileHUDButton3,Texture2D,Hard,2115,None
0,/Engine/MobileResources/HUD/MobileHUDButtonFire,Texture2D,Hard,5193,None
0,/Engine/MobileResources/HUD/MobileHUDDirectionPad,Texture2D,Hard,17485,None
0,/Engine/MobileResources/HUD/MobileHUDDirectionPad2,Texture2D,Hard,33871,None
0,/Engine/MobileResources/HUD/MobileHUDDirectionPad3,Texture2D,Hard,33871,None
0,/Engine/MobileResources/HUD/MobileHUDDirectionStick,Texture2D,Hard,5201,None
0,/Engine/MobileResources/HUD/T_Castle_ThumbstickInner,Texture2D,Hard,17636,None
0,/Engine/MobileResources/HUD/T_Castle_ThumbstickOutter,Texture2D,Hard,66790,None
0,/Engine/MobileResources/HUD/VirtualJoystick_Background,Texture2D,Hard,263400,None
0,/Engine/MobileResources/HUD/VirtualJoystick_Thumb,Texture2D,Hard,17630,None
0,/Engine/MobileResources/T_MobileControls_texture,Texture2D,Hard,263403,None
0,/Engine/MobileResources/T_MobileMenu2,Texture2D,Hard,263225,None
0,/Engine/Tutorial/BlueprintTutorials/TutorialAssets/Blueprint_64x,Texture2D,Hard,17626,None
0,/Engine/Tutorial/ContentIntroCurve,CurveFloat,Hard,963,None
0,/Engine/VREditor/LaserPointer/VR_LaserPower_01,Texture2D,Hard,176069,None
0,/Engine/VREditor/TransformGizmo/BoundingBoxCorner,StaticMesh,Hard,19797,None
0,/Engine/VREditor/TransformGizmo/BoundingBoxEdge,StaticMesh,Hard,10713,None
0,/Engine/VREditor/TransformGizmo/Main,Material,Hard,22206,None
0,/Engine/VREditor/TransformGizmo/PlaneTranslationHandle,StaticMesh,Hard,17875,None
0,/Engine/VREditor/TransformGizmo/SM_Sequencer_Key,StaticMesh,Hard,68545,None
0,/Engine/VREditor/TransformGizmo/SM_Sequencer_Node,StaticMesh,Hard,13123,None
0,/Engine/VREditor/TransformGizmo/TransformGizmoMaterial,Material,Hard,7484,None
0,/Engine/VREditor/TransformGizmo/TranslucentTransformGizmoMaterial,Material,Hard,21800,None
0,/Engine/VREditor/TransformGizmo/Xray,Material,Hard,31406,None
0,/Game/BPCINS_CheckOfficeDoor,Blueprint,Soft From Unassigned Package? Best Guess: /Game/BPCINS_CheckOfficeDoor,4330,None
0,/Game/BPCINS_CheckOfficeDoor,BlueprintGeneratedClass,Soft From Unassigned Package? Best Guess: /Game/BPCINS_CheckOfficeDoor,4330,None
0,/Game/Level188/BP_FallExit,Blueprint,Soft From Unassigned Package? Best Guess: /Game/Mods/PYInsanityMod/DataTables/DT_PYINS->/Game/Mods/PYInsanityMod/PYINS_MainBP->/Game/Mods/PYInsanityMod/Maps/188_Expanded/PYINS_188_Expanded->/Game/Level188/BP_FallExit,2495,None
0,/Game/Level188/BP_FallExit,BlueprintGeneratedClass,Soft From Unassigned Package? Best Guess: /Game/Mods/PYInsanityMod/DataTables/DT_PYINS->/Game/Mods/PYInsanityMod/PYINS_MainBP->/Game/Mods/PYInsanityMod/Maps/188_Expanded/PYINS_188_Expanded->/Game/Level188/BP_FallExit,2495,None
0,/Game/Level188/BP_Lobby_Exit,Blueprint,Soft From Unassigned Package? Best Guess: /Game/Mods/PYInsanityMod/DataTables/DT_PYINS->/Game/Mods/PYInsanityMod/PYINS_MainBP->/Game/Mods/PYInsanityMod/Maps/188_Expanded/PYINS_188_Expanded->/Game/Level188/BP_Lobby_Exit,2590,None
0,/Game/Level188/BP_Lobby_Exit,BlueprintGeneratedClass,Soft From Unassigned Package? Best Guess: /Game/Mods/PYInsanityMod/DataTables/DT_PYINS->/Game/Mods/PYInsanityMod/PYINS_MainBP->/Game/Mods/PYInsanityMod/Maps/188_Expanded/PYINS_188_Expanded->/Game/Level188/BP_Lobby_Exit,2590,None
0,/Game/LightsOut/Merg/SM_Cement_Rubble_Group,StaticMesh,Soft From Unassigned Package? Best Guess: /Game/Mods/PYInsanityMod/DataTables/DT_PYINS->/Game/Mods/PYInsanityMod/PYINS_MainBP->/Game/Mods/PYInsanityMod/Maps/LightsOut/PYINS_LightsOutManager->/Game/LightsOut/Merg/SM_Cement_Rubble_Group,7774,None
0,/Game/LightsOut/Structure/Wall/SM_Wall012,StaticMesh,Soft From Unassigned Package? Best Guess: /Game/LightsOut/Structure/Wall/SM_Wall012,7760,None
0,/Game/LightsOut/Structure/Wall/SM_Wall02,StaticMesh,Soft From Unassigned Package? Best Guess: /Game/Mods/PYInsanityMod/DataTables/DT_PYINS->/Game/Mods/PYInsanityMod/PYINS_MainBP->/Game/Mods/PYInsanityMod/Maps/BoilerRoom/PYINS_BoilerRoom->/Game/LightsOut/Structure/Wall/SM_Wall02,7758,None
0,/Game/LightsOut/Structure/Wall/SM_Wall03,StaticMesh,Soft From Unassigned Package? Best Guess: /Game/LightsOut/Structure/Wall/SM_Wall03,7758,None
1,/Game/Mods/PYAutoRevive/BP_PYAR,Blueprint,Hard,14403,None
1,/Game/Mods/PYAutoRevive/BP_PYAR,BlueprintGeneratedClass,Hard,14403,None
1,/Game/Mods/PYAutoRevive/DA_PYAR,PrimaryAssetLabel,Hard,1201,None
1,/Game/Mods/PYAutoRevive/DataTables/DT_MainDT,DataTable,Hard,1981,None
1,/Game/Mods/PYEntityRandomizer/BP_ERandom,Blueprint,Hard,20398,None
1,/Game/Mods/PYEntityRandomizer/BP_ERandom,BlueprintGeneratedClass,Hard,20398,None
1,/Game/Mods/PYEntityRandomizer/DA_ERandom,PrimaryAssetLabel,Hard,1234,None
1,/Game/Mods/PYEntityRandomizer/DataTables/DT_ERandom,DataTable,Hard,1935,None
1,/Game/Mods/PYEntityRandomizer/WBP_ERandom,WidgetBlueprint,Hard,6352,None
1,/Game/Mods/PYEntityRandomizer/WBP_ERandom,WidgetBlueprintGeneratedClass,Hard,6352,None
2,/Game/Mods/PYInsanityMod/CheckMapMisc/DT_SpawnClassOnMap,DataTable,Hard,5769,None
2,/Game/Mods/PYInsanityMod/CheckMapMisc/S_EntityHolder,UserDefinedStruct,Hard,1339,None
2,/Game/Mods/PYInsanityMod/CheckMapMisc/S_MapLoader,UserDefinedStruct,Hard,1333,None
2,/Game/Mods/PYInsanityMod/CustomSystems/AIBPC_ChangeAction,Blueprint,Hard,3932,None
2,/Game/Mods/PYInsanityMod/CustomSystems/AIBPC_ChangeAction,BlueprintGeneratedClass,Hard,3932,None
2,/Game/Mods/PYInsanityMod/CustomSystems/AISpeedType,UserDefinedEnum,Hard,1255,None
2,/Game/Mods/PYInsanityMod/CustomSystems/BP_BetterTrigger,Blueprint,Hard,9531,None
2,/Game/Mods/PYInsanityMod/CustomSystems/BP_BetterTrigger,BlueprintGeneratedClass,Hard,9531,None
2,/Game/Mods/PYInsanityMod/CustomSystems/BPC_AISpeed,Blueprint,Hard,4545,None
2,/Game/Mods/PYInsanityMod/CustomSystems/BPC_AISpeed,BlueprintGeneratedClass,Hard,4545,None
2,/Game/Mods/PYInsanityMod/CustomSystems/BPC_CheckGround,Blueprint,Hard,7256,None
2,/Game/Mods/PYInsanityMod/CustomSystems/BPC_CheckGround,BlueprintGeneratedClass,Hard,7256,None
2,/Game/Mods/PYInsanityMod/CustomSystems/BPC_CommonMisc,Blueprint,Hard,12796,None
2,/Game/Mods/PYInsanityMod/CustomSystems/BPC_CommonMisc,BlueprintGeneratedClass,Hard,12796,None
2,/Game/Mods/PYInsanityMod/CustomSystems/BPC_PYINS_CustomInteractable,Blueprint,Hard,21355,None
2,/Game/Mods/PYInsanityMod/CustomSystems/BPC_PYINS_CustomInteractable,BlueprintGeneratedClass,Hard,21355,None
2,/Game/Mods/PYInsanityMod/CustomSystems/CubeKillerMaker,Blueprint,Hard,10679,None
2,/Game/Mods/PYInsanityMod/CustomSystems/CubeKillerMaker,BlueprintGeneratedClass,Hard,10679,None
2,/Game/Mods/PYInsanityMod/CustomSystems/Entity/BPC_ActivateMoth,Blueprint,Hard,10449,None
2,/Game/Mods/PYInsanityMod/CustomSystems/Entity/BPC_ActivateMoth,BlueprintGeneratedClass,Hard,10449,None
2,/Game/Mods/PYInsanityMod/CustomSystems/InteractType,UserDefinedEnum,Hard,1302,None
2,/Game/Mods/PYInsanityMod/CustomSystems/PYINS_AIMovement,Blueprint,Hard,21526,None
2,/Game/Mods/PYInsanityMod/CustomSystems/PYINS_AIMovement,BlueprintGeneratedClass,Hard,21526,None
2,/Game/Mods/PYInsanityMod/CustomSystems/UseType,UserDefinedEnum,Hard,1257,None
2,/Game/Mods/PYInsanityMod/CustomSystems/WBP_TextHint,WidgetBlueprint,Hard,6827,None
2,/Game/Mods/PYInsanityMod/CustomSystems/WBP_TextHint,WidgetBlueprintGeneratedClass,Hard,6827,None
2,/Game/Mods/PYInsanityMod/DA_PYINS,PrimaryAssetLabel,Hard,1221,None
2,/Game/Mods/PYInsanityMod/DataTables/DT_PYINS,DataTable,Hard,2609,None
2,/Game/Mods/PYInsanityMod/FunZone2CheckDoors,Blueprint,Hard,17639,None
2,/Game/Mods/PYInsanityMod/FunZone2CheckDoors,BlueprintGeneratedClass,Hard,17639,None
2,/Game/Mods/PYInsanityMod/Level52HelpAIMove,Blueprint,Hard,7569,None
2,/Game/Mods/PYInsanityMod/Level52HelpAIMove,BlueprintGeneratedClass,Hard,7569,None
2,/Game/Mods/PYInsanityMod/Libraries/PYINS_GlobalFunction,Blueprint,Hard,2962,None
2,/Game/Mods/PYInsanityMod/Libraries/PYINS_GlobalFunction,BlueprintGeneratedClass,Hard,2962,None
2,/Game/Mods/PYInsanityMod/Maps/188_Expanded/PYINS_188_Expanded,Blueprint,Hard,14690,None
2,/Game/Mods/PYInsanityMod/Maps/188_Expanded/PYINS_188_Expanded,BlueprintGeneratedClass,Hard,14690,None
2,/Game/Mods/PYInsanityMod/Maps/AbandonedBase/INS_AbandonedBaseManager,Blueprint,Hard,8085,None
2,/Game/Mods/PYInsanityMod/Maps/AbandonedBase/INS_AbandonedBaseManager,BlueprintGeneratedClass,Hard,8085,None
2,/Game/Mods/PYInsanityMod/Maps/AnimatedKingdom/BottleCheck,Blueprint,Hard,6003,None
2,/Game/Mods/PYInsanityMod/Maps/AnimatedKingdom/BottleCheck,BlueprintGeneratedClass,Hard,6003,None
2,/Game/Mods/PYInsanityMod/Maps/AnimatedKingdom/CheckLineOfSight,Blueprint,Hard,6345,None
2,/Game/Mods/PYInsanityMod/Maps/AnimatedKingdom/CheckLineOfSight,BlueprintGeneratedClass,Hard,6345,None
2,/Game/Mods/PYInsanityMod/Maps/AnimatedKingdom/DynamicPlasticClown,Blueprint,Hard,7003,None
2,/Game/Mods/PYInsanityMod/Maps/AnimatedKingdom/DynamicPlasticClown,BlueprintGeneratedClass,Hard,7003,None
2,/Game/Mods/PYInsanityMod/Maps/AnimatedKingdom/DynamicStaticMeshes,Blueprint,Hard,7126,None
2,/Game/Mods/PYInsanityMod/Maps/AnimatedKingdom/DynamicStaticMeshes,BlueprintGeneratedClass,Hard,7126,None
2,/Game/Mods/PYInsanityMod/Maps/AnimatedKingdom/PYINS_AnimKingdomManager,Blueprint,Hard,35391,None
2,/Game/Mods/PYInsanityMod/Maps/AnimatedKingdom/PYINS_AnimKingdomManager,BlueprintGeneratedClass,Hard,35391,None
2,/Game/Mods/PYInsanityMod/Maps/AnimatedKingdom/PYINS_EventStartedManager,Blueprint,Hard,16107,None
2,/Game/Mods/PYInsanityMod/Maps/AnimatedKingdom/PYINS_EventStartedManager,BlueprintGeneratedClass,Hard,16107,None
2,/Game/Mods/PYInsanityMod/Maps/BoilerRoom/BPC_MothChill,Blueprint,Hard,6704,None
2,/Game/Mods/PYInsanityMod/Maps/BoilerRoom/BPC_MothChill,BlueprintGeneratedClass,Hard,6704,None
2,/Game/Mods/PYInsanityMod/Maps/BoilerRoom/Datas/DT_BoilerRoomSpawnsLoc,DataTable,Hard,2190,None
2,/Game/Mods/PYInsanityMod/Maps/BoilerRoom/Datas/SBoiler_BaseSpawn,UserDefinedStruct,Hard,1056,None
2,/Game/Mods/PYInsanityMod/Maps/BoilerRoom/Datas/SBoiler_SpawnArray,UserDefinedStruct,Hard,1227,None
2,/Game/Mods/PYInsanityMod/Maps/BoilerRoom/PYINS_BoilerRoom,Blueprint,Hard,37844,None
2,/Game/Mods/PYInsanityMod/Maps/BoilerRoom/PYINS_BoilerRoom,BlueprintGeneratedClass,Hard,37844,None
2,/Game/Mods/PYInsanityMod/Maps/Cave/PYINS_CaveManager,Blueprint,Hard,6916,None
2,/Game/Mods/PYInsanityMod/Maps/Cave/PYINS_CaveManager,BlueprintGeneratedClass,Hard,6916,None
2,/Game/Mods/PYInsanityMod/Maps/ElectricalStation/INS_ElectricalStationManager,Blueprint,Hard,32326,None
2,/Game/Mods/PYInsanityMod/Maps/ElectricalStation/INS_ElectricalStationManager,BlueprintGeneratedClass,Hard,32326,None
2,/Game/Mods/PYInsanityMod/Maps/FieldOfWheat/PYINS_FieldOfWheatManager,Blueprint,Hard,25226,None
2,/Game/Mods/PYInsanityMod/Maps/FieldOfWheat/PYINS_FieldOfWheatManager,BlueprintGeneratedClass,Hard,25226,None
2,/Game/Mods/PYInsanityMod/Maps/Floor3/PYINS_Hotel,Blueprint,Hard,7924,None
2,/Game/Mods/PYInsanityMod/Maps/Floor3/PYINS_Hotel,BlueprintGeneratedClass,Hard,7924,None
2,/Game/Mods/PYInsanityMod/Maps/Fun+/FunGlowstick/PYINS_FunGlowstick,Blueprint,Hard,6511,None
2,/Game/Mods/PYInsanityMod/Maps/Fun+/FunGlowstick/PYINS_FunGlowstick,BlueprintGeneratedClass,Hard,6511,None
2,/Game/Mods/PYInsanityMod/Maps/Fun+/FunTape/PYINS_FunTape,Blueprint,Hard,20692,None
2,/Game/Mods/PYInsanityMod/Maps/Fun+/FunTape/PYINS_FunTape,BlueprintGeneratedClass,Hard,20692,None
2,/Game/Mods/PYInsanityMod/Maps/Garage/C_LeversFunc,Blueprint,Hard,4321,None
2,/Game/Mods/PYInsanityMod/Maps/Garage/C_LeversFunc,BlueprintGeneratedClass,Hard,4321,None
2,/Game/Mods/PYInsanityMod/Maps/Garage/INS_BottomFloor,Blueprint,Hard,47071,None
2,/Game/Mods/PYInsanityMod/Maps/Garage/INS_BottomFloor,BlueprintGeneratedClass,Hard,47071,None
2,/Game/Mods/PYInsanityMod/Maps/Garage/INS_LeversManager,Blueprint,Hard,26463,None
2,/Game/Mods/PYInsanityMod/Maps/Garage/INS_LeversManager,BlueprintGeneratedClass,Hard,26463,None
2,/Game/Mods/PYInsanityMod/Maps/Garage/PortalDash,Blueprint,Hard,12923,None
2,/Game/Mods/PYInsanityMod/Maps/Garage/PortalDash,BlueprintGeneratedClass,Hard,12923,None
2,/Game/Mods/PYInsanityMod/Maps/Level0/BalanceCheck,Blueprint,Hard,3521,None
2,/Game/Mods/PYInsanityMod/Maps/Level0/BalanceCheck,BlueprintGeneratedClass,Hard,3521,None
2,/Game/Mods/PYInsanityMod/Maps/Level0/Datas/DT_Level0MazePoints,DataTable,Hard,3067,None
2,/Game/Mods/PYInsanityMod/Maps/Level0/Datas/S_Level0MazeList,UserDefinedStruct,Hard,1214,None
2,/Game/Mods/PYInsanityMod/Maps/Level0/Datas/S_Level0MazeStruct,UserDefinedStruct,Hard,1325,None
2,/Game/Mods/PYInsanityMod/Maps/Level0/PYINS_Level0Manager,Blueprint,Hard,17092,None
2,/Game/Mods/PYInsanityMod/Maps/Level0/PYINS_Level0Manager,BlueprintGeneratedClass,Hard,17092,None
2,/Game/Mods/PYInsanityMod/Maps/Level52/PYINS_Level52Manager,Blueprint,Hard,33376,None
2,/Game/Mods/PYInsanityMod/Maps/Level52/PYINS_Level52Manager,BlueprintGeneratedClass,Hard,33376,None
2,/Game/Mods/PYInsanityMod/Maps/Level55/PYINS_Level55,Blueprint,Hard,19779,None
2,/Game/Mods/PYInsanityMod/Maps/Level55/PYINS_Level55,BlueprintGeneratedClass,Hard,19779,None
2,/Game/Mods/PYInsanityMod/Maps/Level94/PYINS_Level94Manager,Blueprint,Hard,40918,None
2,/Game/Mods/PYInsanityMod/Maps/Level94/PYINS_Level94Manager,BlueprintGeneratedClass,Hard,40918,None
2,/Game/Mods/PYInsanityMod/Maps/LevelDash/PYINS_LevelDashManager,Blueprint,Hard,16865,None
2,/Game/Mods/PYInsanityMod/Maps/LevelDash/PYINS_LevelDashManager,BlueprintGeneratedClass,Hard,16865,None
2,/Game/Mods/PYInsanityMod/Maps/LevelFun/INS_LevelFunManager,Blueprint,Hard,18659,None
2,/Game/Mods/PYInsanityMod/Maps/LevelFun/INS_LevelFunManager,BlueprintGeneratedClass,Hard,18659,None
2,/Game/Mods/PYInsanityMod/Maps/LevelRun/INS_LevelRunManager,Blueprint,Hard,62583,None
2,/Game/Mods/PYInsanityMod/Maps/LevelRun/INS_LevelRunManager,BlueprintGeneratedClass,Hard,62583,None
2,/Game/Mods/PYInsanityMod/Maps/LevelRun/LevelRunDatas/DT_BeforeMiddleArea,DataTable,Hard,17741,None
2,/Game/Mods/PYInsanityMod/Maps/LevelRun/LevelRunDatas/DT_MiddleArea,DataTable,Hard,9627,None
2,/Game/Mods/PYInsanityMod/Maps/LevelRun/LevelRunDatas/DT_PastMiddleArea,DataTable,Hard,24770,None
2,/Game/Mods/PYInsanityMod/Maps/LevelRun/LevelRunDatas/F_ActorsListSpawn,UserDefinedStruct,Hard,1729,None
2,/Game/Mods/PYInsanityMod/Maps/LevelRun/LevelRunDatas/F_LevelSpawn,UserDefinedStruct,Hard,1228,None
2,/Game/Mods/PYInsanityMod/Maps/LightsOut/PYINS_LightsOutManager,Blueprint,Hard,30987,None
2,/Game/Mods/PYInsanityMod/Maps/LightsOut/PYINS_LightsOutManager,BlueprintGeneratedClass,Hard,30987,None
2,/Game/Mods/PYInsanityMod/Maps/MainHallHotel/FixMOTH,Blueprint,Hard,3065,None
2,/Game/Mods/PYInsanityMod/Maps/MainHallHotel/FixMOTH,BlueprintGeneratedClass,Hard,3065,None
2,/Game/Mods/PYInsanityMod/Maps/MainHallHotel/PYINS_MainHallHotel,Blueprint,Hard,13259,None
2,/Game/Mods/PYInsanityMod/Maps/MainHallHotel/PYINS_MainHallHotel,BlueprintGeneratedClass,Hard,13259,None
2,/Game/Mods/PYInsanityMod/Maps/MiddleFloor/PYIns_MiddleFloorManager,Blueprint,Hard,4681,None
2,/Game/Mods/PYInsanityMod/Maps/MiddleFloor/PYIns_MiddleFloorManager,BlueprintGeneratedClass,Hard,4681,None
2,/Game/Mods/PYInsanityMod/Maps/Office/BPCINS_FacelingRoadMovement,Blueprint,Hard,17748,None
2,/Game/Mods/PYInsanityMod/Maps/Office/BPCINS_FacelingRoadMovement,BlueprintGeneratedClass,Hard,17748,None
2,/Game/Mods/PYInsanityMod/Maps/Office/Datas/Office_DT,DataTable,Hard,1802,None
2,/Game/Mods/PYInsanityMod/Maps/Office/Datas/Office_S_MoveToArray,UserDefinedStruct,Hard,1489,None
2,/Game/Mods/PYInsanityMod/Maps/Office/Datas/Office_S_MoveToStruct,UserDefinedStruct,Hard,1058,None
2,/Game/Mods/PYInsanityMod/Maps/Office/PYINS_Office,Blueprint,Hard,9846,None
2,/Game/Mods/PYInsanityMod/Maps/Office/PYINS_Office,BlueprintGeneratedClass,Hard,9846,None
2,/Game/Mods/PYInsanityMod/Maps/PipesLevel/BP_WallOfDeath,Blueprint,Hard,23488,None
2,/Game/Mods/PYInsanityMod/Maps/PipesLevel/BP_WallOfDeath,BlueprintGeneratedClass,Hard,23488,None
2,/Game/Mods/PYInsanityMod/Maps/PipesLevel/PYINS_Pipes,Blueprint,Hard,27704,None
2,/Game/Mods/PYInsanityMod/Maps/PipesLevel/PYINS_Pipes,BlueprintGeneratedClass,Hard,27704,None
2,/Game/Mods/PYInsanityMod/Maps/Poolrooms/Config_Pushable,Blueprint,Hard,3501,None
2,/Game/Mods/PYInsanityMod/Maps/Poolrooms/Config_Pushable,BlueprintGeneratedClass,Hard,3501,None
2,/Game/Mods/PYInsanityMod/Maps/Poolrooms/PYINS_PoolroomsManager,Blueprint,Hard,18717,None
2,/Game/Mods/PYInsanityMod/Maps/Poolrooms/PYINS_PoolroomsManager,BlueprintGeneratedClass,Hard,18717,None
2,/Game/Mods/PYInsanityMod/Maps/Poolrooms/Trigger_PushableReachPoints,Blueprint,Hard,10583,None
2,/Game/Mods/PYInsanityMod/Maps/Poolrooms/Trigger_PushableReachPoints,BlueprintGeneratedClass,Hard,10583,None
2,/Game/Mods/PYInsanityMod/Maps/PoolroomsExpanded/PYINS_PoolroomsExpanded,Blueprint,Hard,12023,None
2,/Game/Mods/PYInsanityMod/Maps/PoolroomsExpanded/PYINS_PoolroomsExpanded,BlueprintGeneratedClass,Hard,12023,None
2,/Game/Mods/PYInsanityMod/Maps/Snackrooms/Datas/DT_Snackrooms_ObjectsSpawn,DataTable,Hard,21946,None
2,/Game/Mods/PYInsanityMod/Maps/Snackrooms/Datas/S_ObjectList,UserDefinedStruct,Hard,1206,None
2,/Game/Mods/PYInsanityMod/Maps/Snackrooms/Datas/S_ObjectStruct,UserDefinedStruct,Hard,1756,None
2,/Game/Mods/PYInsanityMod/Maps/Snackrooms/Puddle_BoxVisualizer,Blueprint,Hard,8553,None
2,/Game/Mods/PYInsanityMod/Maps/Snackrooms/Puddle_BoxVisualizer,BlueprintGeneratedClass,Hard,8553,None
2,/Game/Mods/PYInsanityMod/Maps/Snackrooms/PYINS_Snackrooms,Blueprint,Hard,51930,None
2,/Game/Mods/PYInsanityMod/Maps/Snackrooms/PYINS_Snackrooms,BlueprintGeneratedClass,Hard,51930,None
2,/Game/Mods/PYInsanityMod/Maps/Suburbs/PYINS_Suburbs,Blueprint,Hard,21278,None
2,/Game/Mods/PYInsanityMod/Maps/Suburbs/PYINS_Suburbs,BlueprintGeneratedClass,Hard,21278,None
2,/Game/Mods/PYInsanityMod/Maps/Thalaso/PYINS_Thalaso,Blueprint,Hard,21652,None
2,/Game/Mods/PYInsanityMod/Maps/Thalaso/PYINS_Thalaso,BlueprintGeneratedClass,Hard,21652,None
2,/Game/Mods/PYInsanityMod/Maps/TheEnd/PYINS_TheEnd,Blueprint,Hard,10391,None
2,/Game/Mods/PYInsanityMod/Maps/TheEnd/PYINS_TheEnd,BlueprintGeneratedClass,Hard,10391,None
2,/Game/Mods/PYInsanityMod/Maps/TheHub/Base_Timer,Blueprint,Hard,1518,None
2,/Game/Mods/PYInsanityMod/Maps/TheHub/Base_Timer,BlueprintGeneratedClass,Hard,1518,None
2,/Game/Mods/PYInsanityMod/Maps/TheHub/PYIns_TimerOBJ,Blueprint,Hard,7124,None
2,/Game/Mods/PYInsanityMod/Maps/TheHub/PYIns_TimerOBJ,BlueprintGeneratedClass,Hard,7124,None
2,/Game/Mods/PYInsanityMod/Maps/TheHub/PYIns_TimerReachPoint,Blueprint,Hard,7172,None
2,/Game/Mods/PYInsanityMod/Maps/TheHub/PYIns_TimerReachPoint,BlueprintGeneratedClass,Hard,7172,None
2,/Game/Mods/PYInsanityMod/Maps/TheHub/PYInsanity_TheHub,Blueprint,Hard,33073,None
2,/Game/Mods/PYInsanityMod/Maps/TheHub/PYInsanity_TheHub,BlueprintGeneratedClass,Hard,33073,None
2,/Game/Mods/PYInsanityMod/Maps/TopFloor/PYINS_TopFloorManager,Blueprint,Hard,5195,None
2,/Game/Mods/PYInsanityMod/Maps/TopFloor/PYINS_TopFloorManager,BlueprintGeneratedClass,Hard,5195,None
2,/Game/Mods/PYInsanityMod/Maps/WaterDamage/PYINS_WaterDamageManager,Blueprint,Hard,10584,None
2,/Game/Mods/PYInsanityMod/Maps/WaterDamage/PYINS_WaterDamageManager,BlueprintGeneratedClass,Hard,10584,None
2,/Game/Mods/PYInsanityMod/PYINS_AINavMesh,World,Hard,9132,None
2,/Game/Mods/PYInsanityMod/PYINS_MainBP,Blueprint,Hard,136205,None
2,/Game/Mods/PYInsanityMod/PYINS_MainBP,BlueprintGeneratedClass,Hard,136205,None
2,/Game/Mods/PYInsanityMod/PYIns_Walls,Material,Hard,163371,None
2,/Game/Mods/PYInsanityMod/SpawnedHoundCheck,Blueprint,Hard,1097,None
2,/Game/Mods/PYInsanityMod/SpawnedHoundCheck,BlueprintGeneratedClass,Hard,1097,None
2,/Game/Mods/PYInsanityMod/TheEndCheckTapes,Blueprint,Hard,3731,None
2,/Game/Mods/PYInsanityMod/TheEndCheckTapes,BlueprintGeneratedClass,Hard,3731,None
2,/Game/Mods/PYInsanityMod/WBP/InsVersion,WidgetBlueprint,Hard,3146,None
2,/Game/Mods/PYInsanityMod/WBP/InsVersion,WidgetBlueprintGeneratedClass,Hard,3146,None
4,/Game/Mods/PYLevelRunRework/DA_MainDA,PrimaryAssetLabel,Hard,1247,None
4,/Game/Mods/PYLevelRunRework/LevelRunMisc/DT_BeforeMiddleArea_Rework,DataTable,Hard,18058,None
4,/Game/Mods/PYLevelRunRework/LevelRunMisc/DT_MiddleArea_Rework,DataTable,Hard,9944,None
4,/Game/Mods/PYLevelRunRework/LevelRunMisc/DT_PastMiddleArea_Rework,DataTable,Hard,24782,None
4,/Game/Mods/PYLevelRunRework/LevelRunMisc/F_ActorsListSpawn_Rework,UserDefinedStruct,Hard,1731,None
4,/Game/Mods/PYLevelRunRework/LevelRunMisc/F_LevelSpawn_Rework,UserDefinedStruct,Hard,1233,None
4,/Game/Mods/PYLevelRunRework/MOD_DT/DT_MainDT,DataTable,Hard,1934,None
4,/Game/Mods/PYLevelRunRework/PY_LevelRunManager,Blueprint,Hard,62236,None
4,/Game/Mods/PYLevelRunRework/PY_LevelRunManager,BlueprintGeneratedClass,Hard,62236,None
4,/Game/Mods/PYLevelRunRework/PY_MainLevelRUNBP,Blueprint,Hard,6682,None
4,/Game/Mods/PYLevelRunRework/PY_MainLevelRUNBP,BlueprintGeneratedClass,Hard,6682,None
1,/Game/Mods/PYModMenu/BASE_BPManagers,Blueprint,Hard,2818,None
1,/Game/Mods/PYModMenu/BASE_BPManagers,BlueprintGeneratedClass,Hard,2818,None
1,/Game/Mods/PYModMenu/BASE_ModBP,Blueprint,Hard,4287,None
1,/Game/Mods/PYModMenu/BASE_ModBP,BlueprintGeneratedClass,Hard,4287,None
1,/Game/Mods/PYModMenu/BP_ClientMainMod,Blueprint,Hard,5959,None
1,/Game/Mods/PYModMenu/BP_ClientMainMod,BlueprintGeneratedClass,Hard,5959,None
1,/Game/Mods/PYModMenu/BP_GlobalVariables,Blueprint,Hard,46743,None
1,/Game/Mods/PYModMenu/BP_GlobalVariables,BlueprintGeneratedClass,Hard,46743,None
1,/Game/Mods/PYModMenu/BP_WBPViewerManager,Blueprint,Hard,2525,None
1,/Game/Mods/PYModMenu/BP_WBPViewerManager,BlueprintGeneratedClass,Hard,2525,None
1,/Game/Mods/PYModMenu/BPZoom,Blueprint,Hard,5762,None
1,/Game/Mods/PYModMenu/BPZoom,BlueprintGeneratedClass,Hard,5762,None
1,/Game/Mods/PYModMenu/CheckMod,Blueprint,Hard,11758,None
1,/Game/Mods/PYModMenu/CheckMod,BlueprintGeneratedClass,Hard,11758,None
1,/Game/Mods/PYModMenu/Checks/MonsterCheckState/PY_MonsterAliveCheck,Blueprint,Hard,12606,None
1,/Game/Mods/PYModMenu/Checks/MonsterCheckState/PY_MonsterAliveCheck,BlueprintGeneratedClass,Hard,12606,None
1,/Game/Mods/PYModMenu/Checks/PlayerStateCheck/PlayerComp,Blueprint,Hard,2581,None
1,/Game/Mods/PYModMenu/Checks/PlayerStateCheck/PlayerComp,BlueprintGeneratedClass,Hard,2581,None
1,/Game/Mods/PYModMenu/Checks/PlayerStateCheck/PY_PlayerAlive,Blueprint,Hard,5407,None
1,/Game/Mods/PYModMenu/Checks/PlayerStateCheck/PY_PlayerAlive,BlueprintGeneratedClass,Hard,5407,None
1,/Game/Mods/PYModMenu/Checks/PlayerStateCheck/PY_PlayerExistence,Blueprint,Hard,4879,None
1,/Game/Mods/PYModMenu/Checks/PlayerStateCheck/PY_PlayerExistence,BlueprintGeneratedClass,Hard,4879,None
1,/Game/Mods/PYModMenu/DA_PYModMenuDA,PrimaryAssetLabel,Hard,1212,None
1,/Game/Mods/PYModMenu/DataTables/DT_PYModMenuDT,DataTable,Hard,2314,None
1,/Game/Mods/PYModMenu/DotPush_Comp,Blueprint,Hard,13371,None
1,/Game/Mods/PYModMenu/DotPush_Comp,BlueprintGeneratedClass,Hard,13371,None
1,/Game/Mods/PYModMenu/EntityStruct/OBJ_SelectedEntity,Blueprint,Hard,1805,None
1,/Game/Mods/PYModMenu/EntityStruct/OBJ_SelectedEntity,BlueprintGeneratedClass,Hard,1805,None
1,/Game/Mods/PYModMenu/EntityStruct/S_SelectedEntities,UserDefinedStruct,Hard,2413,None
1,/Game/Mods/PYModMenu/GiucaColorWheel/circle,Texture2D,Hard,350832,None
1,/Game/Mods/PYModMenu/GiucaColorWheel/color,Material,Hard,45323,None
1,/Game/Mods/PYModMenu/GiucaColorWheel/colorbar,Material,Hard,15083,None
1,/Game/Mods/PYModMenu/GiucaColorWheel/ColorWheel,WidgetBlueprint,Hard,24882,None
1,/Game/Mods/PYModMenu/GiucaColorWheel/ColorWheel,WidgetBlueprintGeneratedClass,Hard,24882,None
1,/Game/Mods/PYModMenu/GiucaColorWheel/Slider_Hue,MaterialInstanceConstant,Hard,2527,None
1,/Game/Mods/PYModMenu/GiucaColorWheel/Slider_Sat,MaterialInstanceConstant,Hard,2527,None
1,/Game/Mods/PYModMenu/GiucaColorWheel/Thumb,Material,Hard,13458,None
1,/Game/Mods/PYModMenu/Level_Data/DT_LevelDatas,DataTable,Hard,5698,None
1,/Game/Mods/PYModMenu/Level_Data/S_LevelList,UserDefinedStruct,Hard,1059,None
1,/Game/Mods/PYModMenu/Librarys/Actor_BPM_GlobalMacros,Blueprint,Hard,1099,None
1,/Game/Mods/PYModMenu/Librarys/Actor_BPM_GlobalMacros,BlueprintGeneratedClass,Hard,1099,None
1,/Game/Mods/PYModMenu/Librarys/BPL_GlobalFunctions,Blueprint,Hard,7139,None
1,/Game/Mods/PYModMenu/Librarys/BPL_GlobalFunctions,BlueprintGeneratedClass,Hard,7139,None
1,/Game/Mods/PYModMenu/Librarys/WBP_BPM_GlobalMacros,Blueprint,Hard,1151,None
1,/Game/Mods/PYModMenu/Librarys/WBP_BPM_GlobalMacros,BlueprintGeneratedClass,Hard,1151,None
1,/Game/Mods/PYModMenu/Managers/_BP_MainManager,Blueprint,Hard,13851,None
1,/Game/Mods/PYModMenu/Managers/_BP_MainManager,BlueprintGeneratedClass,Hard,13851,None
1,/Game/Mods/PYModMenu/Managers/BP_GameTabManager,Blueprint,Hard,25686,None
1,/Game/Mods/PYModMenu/Managers/BP_GameTabManager,BlueprintGeneratedClass,Hard,25686,None
1,/Game/Mods/PYModMenu/Managers/BP_MenuTabManager,Blueprint,Hard,2851,None
1,/Game/Mods/PYModMenu/Managers/BP_MenuTabManager,BlueprintGeneratedClass,Hard,2851,None
1,/Game/Mods/PYModMenu/Managers/BP_MonsterTabManager,Blueprint,Hard,7742,None
1,/Game/Mods/PYModMenu/Managers/BP_MonsterTabManager,BlueprintGeneratedClass,Hard,7742,None
1,/Game/Mods/PYModMenu/Managers/BP_PlayerTabManager,Blueprint,Hard,52535,None
1,/Game/Mods/PYModMenu/Managers/BP_PlayerTabManager,BlueprintGeneratedClass,Hard,52535,None
1,/Game/Mods/PYModMenu/Managers/BP_SaveSystemManager,Blueprint,Hard,7832,None
1,/Game/Mods/PYModMenu/Managers/BP_SaveSystemManager,BlueprintGeneratedClass,Hard,7832,None
1,/Game/Mods/PYModMenu/Managers/BP_SpecialTabManager,Blueprint,Hard,2770,None
1,/Game/Mods/PYModMenu/Managers/BP_SpecialTabManager,BlueprintGeneratedClass,Hard,2770,None
1,/Game/Mods/PYModMenu/Managers/BP_SubViewerTabManager,Blueprint,Hard,2776,None
1,/Game/Mods/PYModMenu/Managers/BP_SubViewerTabManager,BlueprintGeneratedClass,Hard,2776,None
1,/Game/Mods/PYModMenu/Mats/ColorWheel,Material,Hard,12091,None
1,/Game/Mods/PYModMenu/Mats/DisplayNameWalls,Material,Hard,58126,None
1,/Game/Mods/PYModMenu/Mats/EntityWalls,Material,Hard,107997,None
1,/Game/Mods/PYModMenu/ModVersion,UserDefinedStruct,Hard,913,None
1,/Game/Mods/PYModMenu/Monster_DT/DT_MonsterClassList,DataTable,Hard,23640,None
1,/Game/Mods/PYModMenu/Monster_DT/S_MonsterclassHolder,UserDefinedStruct,Hard,1519,None
1,/Game/Mods/PYModMenu/Monster_DT/S_MonsterClassInit,UserDefinedStruct,Hard,1367,None
1,/Game/Mods/PYModMenu/OBJ_Widgets/OBJ_BaseValues,Blueprint,Hard,1323,None
1,/Game/Mods/PYModMenu/OBJ_Widgets/OBJ_BaseValues,BlueprintGeneratedClass,Hard,1323,None
1,/Game/Mods/PYModMenu/OBJ_Widgets/STYLE_BaseStyles,Blueprint,Hard,4059,None
1,/Game/Mods/PYModMenu/OBJ_Widgets/STYLE_BaseStyles,BlueprintGeneratedClass,Hard,4059,None
1,/Game/Mods/PYModMenu/OBJ_Widgets/STYLE_MonsterTabStyle,Blueprint,Hard,1456,None
1,/Game/Mods/PYModMenu/OBJ_Widgets/STYLE_MonsterTabStyle,BlueprintGeneratedClass,Hard,1456,None
1,/Game/Mods/PYModMenu/PY_AINavMesh,World,Hard,9073,None
1,/Game/Mods/PYModMenu/PY_MainBP,Blueprint,Hard,67822,None
1,/Game/Mods/PYModMenu/PY_MainBP,BlueprintGeneratedClass,Hard,67822,None
1,/Game/Mods/PYModMenu/SaveSystem/BindType,UserDefinedEnum,Hard,1378,None
1,/Game/Mods/PYModMenu/SaveSystem/OB_PYMM_Saves,Blueprint,Hard,1941,None
1,/Game/Mods/PYModMenu/SaveSystem/OB_PYMM_Saves,BlueprintGeneratedClass,Hard,1941,None
1,/Game/Mods/PYModMenu/Style/Hollow,Texture2D,Hard,5166,None
1,/Game/Mods/PYModMenu/TriggerMapBox,Blueprint,Hard,5400,None
1,/Game/Mods/PYModMenu/TriggerMapBox,BlueprintGeneratedClass,Hard,5400,None
1,/Game/Mods/PYModMenu/WidgetsRelated/Base_Widgets/BASE_Button,WidgetBlueprint,Hard,5163,None
1,/Game/Mods/PYModMenu/WidgetsRelated/Base_Widgets/BASE_Button,WidgetBlueprintGeneratedClass,Hard,5163,None
1,/Game/Mods/PYModMenu/WidgetsRelated/Base_Widgets/Base_ButtonOnList,WidgetBlueprint,Hard,5249,None
1,/Game/Mods/PYModMenu/WidgetsRelated/Base_Widgets/Base_ButtonOnList,WidgetBlueprintGeneratedClass,Hard,5249,None
1,/Game/Mods/PYModMenu/WidgetsRelated/Base_Widgets/Base_EntityList,WidgetBlueprint,Hard,1972,None
1,/Game/Mods/PYModMenu/WidgetsRelated/Base_Widgets/Base_EntityList,WidgetBlueprintGeneratedClass,Hard,1972,None
1,/Game/Mods/PYModMenu/WidgetsRelated/Base_Widgets/BASE_SpinBox,WidgetBlueprint,Hard,6496,None
1,/Game/Mods/PYModMenu/WidgetsRelated/Base_Widgets/BASE_SpinBox,WidgetBlueprintGeneratedClass,Hard,6496,None
1,/Game/Mods/PYModMenu/WidgetsRelated/Base_Widgets/Base_Texts,WidgetBlueprint,Hard,3776,None
1,/Game/Mods/PYModMenu/WidgetsRelated/Base_Widgets/Base_Texts,WidgetBlueprintGeneratedClass,Hard,3776,None
1,/Game/Mods/PYModMenu/WidgetsRelated/Base_Widgets/MainBase_DynamicWidget,WidgetBlueprint,Hard,3678,None
1,/Game/Mods/PYModMenu/WidgetsRelated/Base_Widgets/MainBase_DynamicWidget,WidgetBlueprintGeneratedClass,Hard,3678,None
1,/Game/Mods/PYModMenu/WidgetsRelated/Datas/ActorData,Blueprint,Hard,2579,None
1,/Game/Mods/PYModMenu/WidgetsRelated/Datas/ActorData,BlueprintGeneratedClass,Hard,2579,None
1,/Game/Mods/PYModMenu/WidgetsRelated/Datas/Base_Datas,Blueprint,Hard,1407,None
1,/Game/Mods/PYModMenu/WidgetsRelated/Datas/Base_Datas,BlueprintGeneratedClass,Hard,1407,None
1,/Game/Mods/PYModMenu/WidgetsRelated/Datas/ComponentsDatas,Blueprint,Hard,1278,None
1,/Game/Mods/PYModMenu/WidgetsRelated/Datas/ComponentsDatas,BlueprintGeneratedClass,Hard,1278,None
1,/Game/Mods/PYModMenu/WidgetsRelated/Datas/MapData,Blueprint,Hard,2662,None
1,/Game/Mods/PYModMenu/WidgetsRelated/Datas/MapData,BlueprintGeneratedClass,Hard,2662,None
1,/Game/Mods/PYModMenu/WidgetsRelated/DynamicWidgets/Dynamic_ListViews/WBP_ActorListView,WidgetBlueprint,Hard,4563,None
1,/Game/Mods/PYModMenu/WidgetsRelated/DynamicWidgets/Dynamic_ListViews/WBP_ActorListView,WidgetBlueprintGeneratedClass,Hard,4563,None
1,/Game/Mods/PYModMenu/WidgetsRelated/DynamicWidgets/Dynamic_ListViews/WBP_BaseListView,WidgetBlueprint,Hard,2717,None
1,/Game/Mods/PYModMenu/WidgetsRelated/DynamicWidgets/Dynamic_ListViews/WBP_BaseListView,WidgetBlueprintGeneratedClass,Hard,2717,None
1,/Game/Mods/PYModMenu/WidgetsRelated/DynamicWidgets/Dynamic_ListViews/WBP_MapListView,WidgetBlueprint,Hard,4552,None
1,/Game/Mods/PYModMenu/WidgetsRelated/DynamicWidgets/Dynamic_ListViews/WBP_MapListView,WidgetBlueprintGeneratedClass,Hard,4552,None
1,/Game/Mods/PYModMenu/WidgetsRelated/DynamicWidgets/DynamicScrollVertical,WidgetBlueprint,Hard,9203,None
1,/Game/Mods/PYModMenu/WidgetsRelated/DynamicWidgets/DynamicScrollVertical,WidgetBlueprintGeneratedClass,Hard,9203,None
1,/Game/Mods/PYModMenu/WidgetsRelated/DynamicWidgets/MarginOutline,Blueprint,Hard,2223,None
1,/Game/Mods/PYModMenu/WidgetsRelated/DynamicWidgets/MarginOutline,BlueprintGeneratedClass,Hard,2223,None
1,/Game/Mods/PYModMenu/WidgetsRelated/DynamicWidgets/WBP_ButtonScalable,WidgetBlueprint,Hard,12612,None
1,/Game/Mods/PYModMenu/WidgetsRelated/DynamicWidgets/WBP_ButtonScalable,WidgetBlueprintGeneratedClass,Hard,12612,None
1,/Game/Mods/PYModMenu/WidgetsRelated/DynamicWidgets/WBP_ButtonText,WidgetBlueprint,Hard,16508,None
1,/Game/Mods/PYModMenu/WidgetsRelated/DynamicWidgets/WBP_ButtonText,WidgetBlueprintGeneratedClass,Hard,16508,None
1,/Game/Mods/PYModMenu/WidgetsRelated/DynamicWidgets/WBP_ComponentSimpleText,WidgetBlueprint,Hard,9593,None
1,/Game/Mods/PYModMenu/WidgetsRelated/DynamicWidgets/WBP_ComponentSimpleText,WidgetBlueprintGeneratedClass,Hard,9593,None
1,/Game/Mods/PYModMenu/WidgetsRelated/DynamicWidgets/WBP_SelectButton,WidgetBlueprint,Hard,12649,None
1,/Game/Mods/PYModMenu/WidgetsRelated/DynamicWidgets/WBP_SelectButton,WidgetBlueprintGeneratedClass,Hard,12649,None
1,/Game/Mods/PYModMenu/WidgetsRelated/DynamicWidgets/WBP_SpinBox3Values,WidgetBlueprint,Hard,38217,None
1,/Game/Mods/PYModMenu/WidgetsRelated/DynamicWidgets/WBP_SpinBox3Values,WidgetBlueprintGeneratedClass,Hard,38217,None
1,/Game/Mods/PYModMenu/WidgetsRelated/DynamicWidgets/WBP_SpinBoxNoToggle,WidgetBlueprint,Hard,11442,None
1,/Game/Mods/PYModMenu/WidgetsRelated/DynamicWidgets/WBP_SpinBoxNoToggle,WidgetBlueprintGeneratedClass,Hard,11442,None
1,/Game/Mods/PYModMenu/WidgetsRelated/DynamicWidgets/WBP_SpinBoxText,WidgetBlueprint,Hard,18120,None
1,/Game/Mods/PYModMenu/WidgetsRelated/DynamicWidgets/WBP_SpinBoxText,WidgetBlueprintGeneratedClass,Hard,18120,None
1,/Game/Mods/PYModMenu/WidgetsRelated/DynamicWidgets/WBP_Text,WidgetBlueprint,Hard,10588,None
1,/Game/Mods/PYModMenu/WidgetsRelated/DynamicWidgets/WBP_Text,WidgetBlueprintGeneratedClass,Hard,10588,None
1,/Game/Mods/PYModMenu/WidgetsRelated/Info_WBP,WidgetBlueprint,Hard,8807,None
1,/Game/Mods/PYModMenu/WidgetsRelated/Info_WBP,WidgetBlueprintGeneratedClass,Hard,8807,None
1,/Game/Mods/PYModMenu/WidgetsRelated/ModMenu,WidgetBlueprint,Hard,18672,None
1,/Game/Mods/PYModMenu/WidgetsRelated/ModMenu,WidgetBlueprintGeneratedClass,Hard,18672,None
1,/Game/Mods/PYModMenu/WidgetsRelated/PYIcon,WidgetBlueprint,Hard,7729,None
1,/Game/Mods/PYModMenu/WidgetsRelated/PYIcon,WidgetBlueprintGeneratedClass,Hard,7729,None
1,/Game/Mods/PYModMenu/WidgetsRelated/TabsRelated/GAMETab/WBP_ActorSpawnButton,WidgetBlueprint,Hard,15589,None
1,/Game/Mods/PYModMenu/WidgetsRelated/TabsRelated/GAMETab/WBP_ActorSpawnButton,WidgetBlueprintGeneratedClass,Hard,15589,None
1,/Game/Mods/PYModMenu/WidgetsRelated/TabsRelated/GAMETab/WBP_MapTravelButton,WidgetBlueprint,Hard,15104,None
1,/Game/Mods/PYModMenu/WidgetsRelated/TabsRelated/GAMETab/WBP_MapTravelButton,WidgetBlueprintGeneratedClass,Hard,15104,None
1,/Game/Mods/PYModMenu/WidgetsRelated/TabsRelated/MonsterTab/MonsterListSelection,WidgetBlueprint,Hard,24314,None
1,/Game/Mods/PYModMenu/WidgetsRelated/TabsRelated/MonsterTab/MonsterListSelection,WidgetBlueprintGeneratedClass,Hard,24314,None
1,/Game/Mods/PYModMenu/WidgetsRelated/TabsRelated/MonsterTab/MonsterSpawnsButton,WidgetBlueprint,Hard,23510,None
1,/Game/Mods/PYModMenu/WidgetsRelated/TabsRelated/MonsterTab/MonsterSpawnsButton,WidgetBlueprintGeneratedClass,Hard,23510,None
1,/Game/Mods/PYModMenu/WidgetsRelated/TabsRelated/Player/PlayerListSelection,WidgetBlueprint,Hard,30394,None
1,/Game/Mods/PYModMenu/WidgetsRelated/TabsRelated/Player/PlayerListSelection,WidgetBlueprintGeneratedClass,Hard,30394,None
1,/Game/Mods/PYModMenu/WidgetsRelated/TabsRelated/Viewer/Selected_Components,WidgetBlueprint,Hard,1839,None
1,/Game/Mods/PYModMenu/WidgetsRelated/TabsRelated/Viewer/Selected_Components,WidgetBlueprintGeneratedClass,Hard,1839,None
1,/Game/Mods/PYModMenu/WidgetsRelated/TabsRelated/Viewer/WBP_Viewer,WidgetBlueprint,Hard,85455,None
1,/Game/Mods/PYModMenu/WidgetsRelated/TabsRelated/Viewer/WBP_Viewer,WidgetBlueprintGeneratedClass,Hard,85455,None
1,/Game/Mods/PYModMenu/WidgetsRelated/WBP_BaseTabs,WidgetBlueprint,Hard,3591,None
1,/Game/Mods/PYModMenu/WidgetsRelated/WBP_BaseTabs,WidgetBlueprintGeneratedClass,Hard,3591,None
1,/Game/Mods/PYModMenu/WidgetsRelated/WBP_GameTab,WidgetBlueprint,Hard,39983,None
1,/Game/Mods/PYModMenu/WidgetsRelated/WBP_GameTab,WidgetBlueprintGeneratedClass,Hard,39983,None
1,/Game/Mods/PYModMenu/WidgetsRelated/WBP_MenuTab,WidgetBlueprint,Hard,20864,None
1,/Game/Mods/PYModMenu/WidgetsRelated/WBP_MenuTab,WidgetBlueprintGeneratedClass,Hard,20864,None
1,/Game/Mods/PYModMenu/WidgetsRelated/WBP_MiscTab,WidgetBlueprint,Hard,1813,None
1,/Game/Mods/PYModMenu/WidgetsRelated/WBP_MiscTab,WidgetBlueprintGeneratedClass,Hard,1813,None
1,/Game/Mods/PYModMenu/WidgetsRelated/WBP_ModTabHolder,WidgetBlueprint,Hard,19521,None
1,/Game/Mods/PYModMenu/WidgetsRelated/WBP_ModTabHolder,WidgetBlueprintGeneratedClass,Hard,19521,None
1,/Game/Mods/PYModMenu/WidgetsRelated/WBP_MonsterTab,WidgetBlueprint,Hard,162801,None
1,/Game/Mods/PYModMenu/WidgetsRelated/WBP_MonsterTab,WidgetBlueprintGeneratedClass,Hard,162801,None
1,/Game/Mods/PYModMenu/WidgetsRelated/WBP_PlayerTab,WidgetBlueprint,Hard,70839,None
1,/Game/Mods/PYModMenu/WidgetsRelated/WBP_PlayerTab,WidgetBlueprintGeneratedClass,Hard,70839,None
1,/Game/Mods/PYModMenu/WidgetsRelated/WBP_SpecialTab,WidgetBlueprint,Hard,11336,None
1,/Game/Mods/PYModMenu/WidgetsRelated/WBP_SpecialTab,WidgetBlueprintGeneratedClass,Hard,11336,None
3,/Game/Mods/PYPeacefulMode/BP_PYPeacefulModeBP,Blueprint,Hard,30025,None
3,/Game/Mods/PYPeacefulMode/BP_PYPeacefulModeBP,BlueprintGeneratedClass,Hard,30025,None
3,/Game/Mods/PYPeacefulMode/DA_PYPeacefulModeDA,PrimaryAssetLabel,Hard,1267,None
3,/Game/Mods/PYPeacefulMode/DataTables/DT_PeacefulModeMainDT,DataTable,Hard,1965,None
0,/Game/Mods/PYTracker/BP_MainTrackerBP,Blueprint,Soft From Unassigned Package? Best Guess: /Game/Mods/PYTracker/DT/DA_TrackerDA->/Game/Mods/PYTracker/BP_MainTrackerBP,23719,None
0,/Game/Mods/PYTracker/BP_MainTrackerBP,BlueprintGeneratedClass,Soft From Unassigned Package? Best Guess: /Game/Mods/PYTracker/DT/DA_TrackerDA->/Game/Mods/PYTracker/BP_MainTrackerBP,23719,None
0,/Game/Mods/PYTracker/BP_SaveGameManager,Blueprint,Soft From Unassigned Package? Best Guess: /Game/Mods/PYTracker/DT/DA_TrackerDA->/Game/Mods/PYTracker/BP_MainTrackerBP->/Game/Mods/PYTracker/BP_SaveGameManager,15852,None
0,/Game/Mods/PYTracker/BP_SaveGameManager,BlueprintGeneratedClass,Soft From Unassigned Package? Best Guess: /Game/Mods/PYTracker/DT/DA_TrackerDA->/Game/Mods/PYTracker/BP_MainTrackerBP->/Game/Mods/PYTracker/BP_SaveGameManager,15852,None
0,/Game/Mods/PYTracker/DA_PYTracker,PrimaryAssetLabel,Soft From Unassigned Package? Best Guess: /Game/Mods/PYTracker/DA_PYTracker,998,None
0,/Game/Mods/PYTracker/DT/DA_TrackerDA,DataTable,Soft From Unassigned Package? Best Guess: /Game/Mods/PYTracker/DA_PYTracker->/Game/Mods/PYTracker/DT/DA_TrackerDA,1906,None
0,/Game/Mods/PYTracker/DummyMaterial,Material,Soft From Unassigned Package? Best Guess: /Game/Mods/PYTracker/DT/DA_TrackerDA->/Game/Mods/PYTracker/BP_MainTrackerBP->/Game/Mods/PYTracker/DummyMaterial,97487,None
0,/Game/Mods/PYTracker/Saves/S_TrackerData,UserDefinedStruct,Soft From Unassigned Package? Best Guess: /Game/Mods/PYTracker/DA_PYTracker->/Game/Mods/PYTracker/Saves/S_TrackerData,1296,None
0,/Game/Mods/PYTracker/Saves/S_TrackerDataList,UserDefinedStruct,Soft From Unassigned Package? Best Guess: /Game/Mods/PYTracker/WBP_Menu->/Game/Mods/PYTracker/Saves/TrackerSave->/Game/Mods/PYTracker/Saves/S_TrackerDataList,1621,None
0,/Game/Mods/PYTracker/Saves/TrackerSave,Blueprint,Soft From Unassigned Package? Best Guess: /Game/Mods/PYTracker/DT/DA_TrackerDA->/Game/Mods/PYTracker/BP_MainTrackerBP->/Game/Mods/PYTracker/Saves/TrackerSave,2729,None
0,/Game/Mods/PYTracker/Saves/TrackerSave,BlueprintGeneratedClass,Soft From Unassigned Package? Best Guess: /Game/Mods/PYTracker/DT/DA_TrackerDA->/Game/Mods/PYTracker/BP_MainTrackerBP->/Game/Mods/PYTracker/Saves/TrackerSave,2729,None
0,/Game/Mods/PYTracker/Tracker_BindType,UserDefinedEnum,Soft From Unassigned Package? Best Guess: /Game/Mods/PYTracker/DA_PYTracker->/Game/Mods/PYTracker/Saves/TrackerSave->/Game/Mods/PYTracker/Tracker_BindType,1445,None
0,/Game/Mods/PYTracker/WBP_Menu,WidgetBlueprint,Soft From Unassigned Package? Best Guess: /Game/Mods/PYTracker/DT/DA_TrackerDA->/Game/Mods/PYTracker/BP_MainTrackerBP->/Game/Mods/PYTracker/WBP_Menu,52997,None
0,/Game/Mods/PYTracker/WBP_Menu,WidgetBlueprintGeneratedClass,Soft From Unassigned Package? Best Guess: /Game/Mods/PYTracker/DT/DA_TrackerDA->/Game/Mods/PYTracker/BP_MainTrackerBP->/Game/Mods/PYTracker/WBP_Menu,52997,None
0,/Game/Mods/Z_DebugLog_P/BlueprintLibraries/BFL_DebugLog,Blueprint,Soft From Unassigned Package? Best Guess: /Game/Mods/PYModMenu/WidgetsRelated/Base_Widgets/BASE_ButtonText->/Game/Mods/PYModMenu/WidgetsRelated/Base_Widgets/BASE_Button->/Game/Mods/PYModMenu/WidgetsRelated/Base_Widgets/Base_Texts->/Game/Mods/PYModMenu/WidgetsRelated/Base_Widgets/MainBase_DynamicWidget->/Game/Mods/PYModMenu/Managers/_BP_MainManager->/Game/Mods/PYModMenu/PY_MainBP->/Game/Mods/Z_DebugLog_P/BlueprintLibraries/BFL_DebugLog,6213,None
0,/Game/Mods/Z_DebugLog_P/BlueprintLibraries/BFL_DebugLog,BlueprintGeneratedClass,Soft From Unassigned Package? Best Guess: /Game/Mods/PYModMenu/WidgetsRelated/Base_Widgets/BASE_ButtonText->/Game/Mods/PYModMenu/WidgetsRelated/Base_Widgets/BASE_Button->/Game/Mods/PYModMenu/WidgetsRelated/Base_Widgets/Base_Texts->/Game/Mods/PYModMenu/WidgetsRelated/Base_Widgets/MainBase_DynamicWidget->/Game/Mods/PYModMenu/Managers/_BP_MainManager->/Game/Mods/PYModMenu/PY_MainBP->/Game/Mods/Z_DebugLog_P/BlueprintLibraries/BFL_DebugLog,6213,None
8,/Game/Mods/Z_ExampleLevel_P/DA_ExampleLEvel,PrimaryAssetLabel,Hard,1006,None
8,/Game/Mods/Z_ExampleLevel_P/DataTables/DT_ExampleLevel,DataTable,Hard,1971,None
8,/Game/Mods/Z_ExampleLevel_P/DataTables/DT_Level_ExampleLevel,DataTable,Hard,1973,None
8,/Game/Mods/Z_ExampleLevel_P/ExampleLevelModActor,Blueprint,Hard,2777,None
8,/Game/Mods/Z_ExampleLevel_P/ExampleLevelModActor,BlueprintGeneratedClass,Hard,2777,None
8,/Game/Mods/Z_ExampleLevel_P/Levels/ExampleLevel,World,Hard,620877,None
8,/Game/Mods/Z_ExampleLevel_P/Levels/ExampleLevel,BlueprintGeneratedClass,Hard,620877,None
8,/Game/Mods/Z_ExampleLevel_P/Textures/example,Texture2D,Hard,19457,None
0,/Game/Mods/Z_MapLoader_P/Structs/F_MapLoaderDataTable,UserDefinedStruct,Soft From Unassigned Package? Best Guess: /Game/Mods/Z_ExampleLevel_P/DataTables/DT_Level_ExampleLevel->/Game/Mods/Z_MapLoader_P/Structs/F_MapLoaderDataTable,1717,None
0,/Game/Mods/Z_ModLoader_P/Blueprints/BP_M_ModActor,Blueprint,Soft From Unassigned Package? Best Guess: /Game/Mods/PYModMenu/WidgetsRelated/Base_Widgets/BASE_ButtonText->/Game/Mods/PYModMenu/WidgetsRelated/Base_Widgets/BASE_Button->/Game/Mods/PYModMenu/WidgetsRelated/Base_Widgets/Base_Texts->/Game/Mods/PYModMenu/WidgetsRelated/Base_Widgets/MainBase_DynamicWidget->/Game/Mods/PYModMenu/Managers/_BP_MainManager->/Game/Mods/PYModMenu/PY_MainBP->/Game/Mods/Z_ModLoader_P/Blueprints/BP_M_ModActor,3822,None
0,/Game/Mods/Z_ModLoader_P/Blueprints/BP_M_ModActor,BlueprintGeneratedClass,Soft From Unassigned Package? Best Guess: /Game/Mods/PYModMenu/WidgetsRelated/Base_Widgets/BASE_ButtonText->/Game/Mods/PYModMenu/WidgetsRelated/Base_Widgets/BASE_Button->/Game/Mods/PYModMenu/WidgetsRelated/Base_Widgets/Base_Texts->/Game/Mods/PYModMenu/WidgetsRelated/Base_Widgets/MainBase_DynamicWidget->/Game/Mods/PYModMenu/Managers/_BP_MainManager->/Game/Mods/PYModMenu/PY_MainBP->/Game/Mods/Z_ModLoader_P/Blueprints/BP_M_ModActor,3822,None
0,/Game/Mods/Z_ModLoader_P/Structs/F_ModLoaderInformation,UserDefinedStruct,Soft From Unassigned Package? Best Guess: /Game/Mods/Z_ModLoader_P/Structs/F_ModLoaderInformation,4281,None
0,/Game/Mods/Z_ModLoader_P/Structs/New/F_ModLoaderDataTable,UserDefinedStruct,Soft From Unassigned Package? Best Guess: /Game/Mods/PYTracker/DA_PYTracker->/Game/Mods/PYTracker/DT/DA_TrackerDA->/Game/Mods/Z_ModLoader_P/Structs/New/F_ModLoaderDataTable,2359,None
0,/Game/Mods/Z_ModLoader_P/Structs/New/F_ModLoaderModActor,UserDefinedStruct,Soft From Unassigned Package? Best Guess: /Game/Mods/PYModMenu/WidgetsRelated/Base_Widgets/BASE_ButtonText->/Game/Mods/PYModMenu/WidgetsRelated/Base_Widgets/BASE_Button->/Game/Mods/PYModMenu/WidgetsRelated/Base_Widgets/Base_Texts->/Game/Mods/PYModMenu/WidgetsRelated/Base_Widgets/MainBase_DynamicWidget->/Game/Mods/PYModMenu/Managers/_BP_MainManager->/Game/Mods/PYModMenu/PY_MainBP->/Game/Mods/Z_ModLoader_P/Blueprints/BP_M_ModActor->/Game/Mods/Z_ModLoader_P/Structs/New/F_ModLoaderModActor,2334,None
0,/Game/Mods/Z_ModLoader_P/Widgets/WBP_Main_Entry,WidgetBlueprint,Soft From Unassigned Package? Best Guess: /Game/Mods/Z_ModLoader_P/Widgets/WBP_ModLoader->/Game/Mods/Z_ModLoader_P/Widgets/WBP_Main_Entry,6671,None
0,/Game/Mods/Z_ModLoader_P/Widgets/WBP_Main_Entry,WidgetBlueprintGeneratedClass,Soft From Unassigned Package? Best Guess: /Game/Mods/Z_ModLoader_P/Widgets/WBP_ModLoader->/Game/Mods/Z_ModLoader_P/Widgets/WBP_Main_Entry,6671,None
0,/Game/Mods/Z_ModLoader_P/Widgets/WBP_ModLoader,WidgetBlueprint,Soft From Unassigned Package? Best Guess: /Game/Mods/Z_ModLoader_P/Widgets/WBP_ModLoader,4796,None
0,/Game/Mods/Z_ModLoader_P/Widgets/WBP_ModLoader,WidgetBlueprintGeneratedClass,Soft From Unassigned Package? Best Guess: /Game/Mods/Z_ModLoader_P/Widgets/WBP_ModLoader,4796,None
0,/Game/SaveSystem/BP_New_SaveGame,Blueprint,Soft From Unassigned Package? Best Guess: /Game/Mods/PYInsanityMod/Maps/AnimatedKingdom/BottleCheck->/Game/Mods/PYInsanityMod/Maps/AnimatedKingdom/PYINS_EventStartedManager->/Game/Mods/PYInsanityMod/Maps/AnimatedKingdom/PYINS_AnimKingdomManager->/Game/SaveSystem/BP_New_SaveGame,1436,None
0,/Game/SaveSystem/BP_New_SaveGame,BlueprintGeneratedClass,Soft From Unassigned Package? Best Guess: /Game/Mods/PYInsanityMod/Maps/AnimatedKingdom/BottleCheck->/Game/Mods/PYInsanityMod/Maps/AnimatedKingdom/PYINS_EventStartedManager->/Game/Mods/PYInsanityMod/Maps/AnimatedKingdom/PYINS_AnimKingdomManager->/Game/SaveSystem/BP_New_SaveGame,1436,None
0,/Game/Snackrooms/BP_Elevator_Snackrooms,Blueprint,Soft From Unassigned Package? Best Guess: /Game/Snackrooms/BP_Elevator_Snackrooms,2530,None
0,/Game/Snackrooms/BP_Elevator_Snackrooms,BlueprintGeneratedClass,Soft From Unassigned Package? Best Guess: /Game/Snackrooms/BP_Elevator_Snackrooms,2530,None
0,/Game/Snackrooms/BP_Snackrooms_Exit,Blueprint,Soft From Unassigned Package? Best Guess: /Game/Mods/PYInsanityMod/DataTables/DT_PYINS->/Game/Mods/PYInsanityMod/PYINS_MainBP->/Game/Mods/PYInsanityMod/Maps/Snackrooms/PYINS_Snackrooms->/Game/Snackrooms/BP_Snackrooms_Exit,2518,None
0,/Game/Snackrooms/BP_Snackrooms_Exit,BlueprintGeneratedClass,Soft From Unassigned Package? Best Guess: /Game/Mods/PYInsanityMod/DataTables/DT_PYINS->/Game/Mods/PYInsanityMod/PYINS_MainBP->/Game/Mods/PYInsanityMod/Maps/Snackrooms/PYINS_Snackrooms->/Game/Snackrooms/BP_Snackrooms_Exit,2518,None
0,/Game/Unlit_Black,Material,Soft From Unassigned Package? Best Guess: /Game/Unlit_Black,30050,None
0,/Game/VictorianInteriorAssets/Mesh/VIA_PRP_Gramophone,StaticMesh,Soft From Unassigned Package? Best Guess: /Game/Mods/PYInsanityMod/DataTables/DT_PYINS->/Game/Mods/PYInsanityMod/PYINS_MainBP->/Game/Mods/PYInsanityMod/Maps/Snackrooms/PYINS_Snackrooms->/Game/Mods/PYInsanityMod/Maps/Snackrooms/Datas/DT_Snackrooms_ObjectsSpawn->/Game/VictorianInteriorAssets/Mesh/VIA_PRP_Gramophone,7780,None
0,/Game/VictorianInteriorAssets/Mesh/VIA_PRP_Gramophone_Disc,StaticMesh,Soft From Unassigned Package? Best Guess: /Game/Mods/PYInsanityMod/DataTables/DT_PYINS->/Game/Mods/PYInsanityMod/PYINS_MainBP->/Game/Mods/PYInsanityMod/Maps/Snackrooms/PYINS_Snackrooms->/Game/Mods/PYInsanityMod/Maps/Snackrooms/Datas/DT_Snackrooms_ObjectsSpawn->/Game/VictorianInteriorAssets/Mesh/VIA_PRP_Gramophone_Disc,7790,None
0,/MagicLeapPassableWorld/MagicLeapARPinInfoActor,Blueprint,Hard,28477,None
0,/MagicLeapPassableWorld/MagicLeapARPinInfoActor,BlueprintGeneratedClass,Hard,28477,None
0,/OculusVR/Materials/OculusMR_ChromaKey,Material,Hard,27219,None
0,/OculusVR/Materials/OculusMR_OpaqueColoredMaterial,Material,Hard,6652,None
0,/OculusVR/Materials/PokeAHoleMaterial,Material,Hard,18829,None
0,/OculusVR/Materials/touchController_mat,Material,Hard,60608,None
0,/OculusVR/Materials/TouchForQuestRiftSControllerMaterial,Material,Hard,31177,None
0,/OculusVR/Meshes/LeftTouchController,StaticMesh,Hard,1153366,None
0,/OculusVR/Meshes/LeftTouchForQuestRiftSController,StaticMesh,Hard,339125,None
0,/OculusVR/Meshes/RiftHMD,StaticMesh,Hard,67339,None
0,/OculusVR/Meshes/RightTouchController,StaticMesh,Hard,1165108,None
0,/OculusVR/Meshes/RightTouchForQuestRiftSController,StaticMesh,Hard,336091,None
0,/OculusVR/Textures/touchController_albedo,Texture2D,Hard,5593798,None
0,/OculusVR/Textures/touchController_controlmap,Texture2D,Hard,350914,None
0,/OculusVR/Textures/TouchForQuestRiftSController_albedo,Texture2D,Hard,5593824,None
0,/OpenXR/Devices/GoogleDaydream/BaseTexture,Texture2D,Hard,176120,None
0,/OpenXR/Devices/GoogleDaydream/GoogleDaydreamController,StaticMesh,Hard,36947,None
0,/OpenXR/Devices/GoogleDaydream/MI_GoogleDaydream,MaterialInstanceConstant,Hard,35452,None
0,/OpenXR/Devices/GoogleDaydream/MRTexture,Texture2D,Hard,176056,None
0,/OpenXR/Devices/HTCVive/BaseTexture,Texture2D,Hard,2797565,None
0,/OpenXR/Devices/HTCVive/HTCViveController,StaticMesh,Hard,1807325,None
0,/OpenXR/Devices/HTCVive/MI_HTCVive,MaterialInstanceConstant,Hard,3114,None
0,/OpenXR/Devices/M_XRController,Material,Hard,34688,None
0,/OpenXR/Devices/MicrosoftMixedReality/BaseTexture,Texture2D,Hard,700391,None
0,/OpenXR/Devices/MicrosoftMixedReality/EmissiveTexture,Texture2D,Hard,700399,None
0,/OpenXR/Devices/MicrosoftMixedReality/Left/left_MicrosoftMixedRealityController,StaticMesh,Hard,537614,None
0,/OpenXR/Devices/MicrosoftMixedReality/MI_MicrosoftMixedReality,MaterialInstanceConstant,Hard,36398,None
0,/OpenXR/Devices/MicrosoftMixedReality/MRTexture,Texture2D,Hard,700387,None
0,/OpenXR/Devices/MicrosoftMixedReality/NormalTexture,Texture2D,Hard,1399778,None
0,/OpenXR/Devices/MicrosoftMixedReality/Right/right_MicrosoftMixedRealityController,StaticMesh,Hard,537670,None
0,/OpenXR/Devices/OculusGo/BaseTexture,Texture2D,Hard,700378,None
0,/OpenXR/Devices/OculusGo/MI_OculusGo,MaterialInstanceConstant,Hard,3118,None
0,/OpenXR/Devices/OculusGo/OculusGoController,StaticMesh,Hard,520980,None
0,/OpenXR/Devices/OculusTouch/BaseTexture,Texture2D,Hard,2797569,None
0,/OpenXR/Devices/OculusTouch/Left/left_OculusTouchController,StaticMesh,Hard,1102745,None
0,/OpenXR/Devices/OculusTouch/MI_OculusTouch,MaterialInstanceConstant,Hard,35536,None
0,/OpenXR/Devices/OculusTouch/MRTexture,Texture2D,Hard,700377,None
0,/OpenXR/Devices/OculusTouch/Right/right_OculusTouchController,StaticMesh,Hard,1115354,None
0,/OpenXR/Devices/OculusTouch_v2/BaseTexture,Texture2D,Hard,2797572,None
0,/OpenXR/Devices/OculusTouch_v2/Left/left_OculusTouch_v2Controller,StaticMesh,Hard,338027,None
0,/OpenXR/Devices/OculusTouch_v2/MI_OculusTouch_v2,MaterialInstanceConstant,Hard,35551,None
0,/OpenXR/Devices/OculusTouch_v2/MRTexture,Texture2D,Hard,2797568,None
0,/OpenXR/Devices/OculusTouch_v2/Right/right_OculusTouch_v2Controller,StaticMesh,Hard,339348,None
0,/OpenXR/Devices/OculusTouch_v3/BaseTexture,Texture2D,Hard,176060,None
0,/OpenXR/Devices/OculusTouch_v3/Left/left_OculusTouch_v3Controller,StaticMesh,Hard,570357,None
0,/OpenXR/Devices/OculusTouch_v3/MI_OculusTouch_v3,MaterialInstanceConstant,Hard,35551,None
0,/OpenXR/Devices/OculusTouch_v3/MRTexture,Texture2D,Hard,176056,None
0,/OpenXR/Devices/OculusTouch_v3/Right/right_OculusTouch_v3Controller,StaticMesh,Hard,570534,None
0,/OpenXR/Devices/ValveIndex/BaseTexture,Texture2D,Hard,2797568,None
0,/OpenXR/Devices/ValveIndex/Left/left_ValveIndexController,StaticMesh,Hard,862652,None
0,/OpenXR/Devices/ValveIndex/Left/MI_left_ValveIndex,MaterialInstanceConstant,Hard,35546,None
0,/OpenXR/Devices/ValveIndex/MRTexture,Texture2D,Hard,2797564,None
0,/OpenXR/Devices/ValveIndex/Right/MI_right_ValveIndex,MaterialInstanceConstant,Hard,35928,None
0,/OpenXR/Devices/ValveIndex/Right/right_ValveIndexController,StaticMesh,Hard,860045,None
0,/Paper2D/DefaultPaperTerrainMaterial,PaperTerrainMaterial,Hard,1452,None
0,/Paper2D/DefaultSpriteMaterial,Material,Hard,109738,None
0,/Paper2D/DummySprite,PaperSprite,Hard,2936,None
0,/Paper2D/MaskedUnlitSpriteMaterial,MaterialInstanceConstant,Hard,2409,None
0,/Paper2D/OpaqueUnlitSpriteMaterial,MaterialInstanceConstant,Hard,44052,None
0,/Paper2D/PlaceholderTextures/DummySpriteTexture,Texture2D,Hard,23096,None
0,/Paper2D/PlaceholderTextures/FlatNormalMap,Texture2D,Soft From Unassigned Package? Best Guess: /Game/Mods/PYInsanityMod/DataTables/DT_PYINS->/Game/Mods/PYInsanityMod/PYINS_MainBP->/Game/Mods/PYInsanityMod/Maps/Garage/INS_BottomFloor->/Game/Mods/PYInsanityMod/Maps/Garage/INS_LeversManager->/Game/Garage/Pipe_Exit->/Game/Megascans/Surfaces/Stained_Concrete_Wall_vbznajdg/Stained_Concrete_Wall_vbznajdg_inst->/Paper2D/PlaceholderTextures/FlatNormalMap,1793,None
0,/SpeedTreeImporter/SpeedTree9/Empty,Texture2D,Hard,1067,None
0,/SpeedTreeImporter/SpeedTree9/EmptyNormal,Texture2D,Hard,1251,None
0,/SpeedTreeImporter/SpeedTree9/game_wind_noise,Texture2D,Hard,5593957,None
0,/SpeedTreeImporter/SpeedTree9/SpeedTreeBillboard,MaterialFunction,Hard,767,None
0,/SpeedTreeImporter/SpeedTree9/SpeedTreeBillboardMaster,Material,Hard,184547,None
0,/SpeedTreeImporter/SpeedTree9/SpeedTreeBranchMotion,MaterialFunction,Hard,773,None
0,/SpeedTreeImporter/SpeedTree9/SpeedTreeCameraFacing,MaterialFunction,Hard,845,None
0,/SpeedTreeImporter/SpeedTree9/SpeedTreeMaster,Material,Hard,259441,None
0,/SpeedTreeImporter/SpeedTree9/SpeedTreeWind,MaterialFunction,Hard,829,None
0,/SpeedTreeImporter/SpeedTree9/SpeedTreeWindMotion,MaterialFunction,Hard,934,None
0,/SpeedTreeImporter/SpeedTree9/UnpackDirection,MaterialFunction,Hard,833,None
0,/SpeedTreeImporter/SpeedTree9/UnpackInteger3,MaterialFunction,Hard,759,None
